DepartmentID,DepartmentName,URL,PhoneNumber,Email,CityLocation,StateLocation
1,OtEvQySZeet,YRbxkgpmIlXgewPWFjII,695,undefined.undefined@gmail.com,Tartu,"Tanzania, United Republic of"
2,TGunkSEKcdpgDIC,qggjKAZTcjt,109,undefined.undefined@gmail.com,Charlotte Amalie,British Indian Ocean Territory
3,iCdxGTvuFzFegeuxOBFc,XMjOhCSjzMosIwZX xn,932,undefined.undefined@gmail.com,Colombo,"Macedonia, The Former Yugoslav Republic of"
4,LROfMGddWGvWo,ZTznlWuZLjvpCi,858,undefined.undefined@gmail.com,Berlin,Norfolk Island
5,HvEsVendDFmOmpG,BoziWRaiPagfWoe,522,undefined.undefined@gmail.com,Zapopan,Brazil
6,VIfaFDLKRaWiE,fxvFYQZei EVjGb,620,undefined.undefined@gmail.com,Santiago de Cuba,Zimbabwe
7,GLq jIp osub,yNCirWhJVzOOCpDcFeCf,822,undefined.undefined@gmail.com,Pago Pago,Denmark
8,XNDnpSCDtBRCGr,il XBqfWxnqOolAQkuR,528,undefined.undefined@gmail.com,Sitka,"Taiwan, Province of China"
9,adNsnGSXLJc,bRzOwxkGeq,145,undefined.undefined@gmail.com,Kawasaki,Equatorial Guinea
10,MrUsabrCuJSTdELX,lUcdmwkAHwRglfKv,689,undefined.undefined@gmail.com,Vladivostok,Heard Island and Mcdonald Islands
11,wUubiovJNOyLntUdVG,wx MNuLBsFkyx,324,undefined.undefined@gmail.com,Chişinău,Iceland
12,KfdVGamPhApUKu,WTSNCczZsCNlEJzxjIJF,148,undefined.undefined@gmail.com,Gaziantep,Guadeloupe
13,xvdGOVatqwuoqw,PjWkYdHLThfT,554,undefined.undefined@gmail.com,Lusaka,Cayman Islands
14,nEgEuF TaRrqmsyw,"gUyUrJLnZeJPUj H ",768,undefined.undefined@gmail.com,Harbin,"Virgin Islands, British"
15,EppvdMoWxgM,lHnNIUDFNIyXDmiwy e,597,undefined.undefined@gmail.com,Dhaka,Paraguay
16,JzmfX rs XxqMijY,lxd aXxBxbfKjJS,270,undefined.undefined@gmail.com,Dar es Salaam,Liechtenstein
17,eCMQVWFUeSfdUenW," ZFsJZWggcR vrgrMf r",453,undefined.undefined@gmail.com,Petropavlovsk-Kamchatsky,Bahamas
18,bxhHHhmjsMcZ,R iKfFjplQhCU,836,undefined.undefined@gmail.com,Enugu,Peru
19,yXLbwnWdHmgZBV,QwQQdBUQHBMYklzxi,571,undefined.undefined@gmail.com,Greenwich,Cambodia
20,gvOQXaucQzWcrVMUQrS,emNTopdgRMizDqZwcJn,62,undefined.undefined@gmail.com,Campinas,"Virgin Islands, U.S."
21,pyVSJGDEgsgswMobsgtB,farPImmPrQqphTDLs,553,undefined.undefined@gmail.com,Managua,Ghana
22,zMAnGGlbpXFpmTLKib,oZbNYChEKRIptxWYWl,719,undefined.undefined@gmail.com,Chişinău,Vanuatu
23,eKin eFKPQ,FkRnDF ErcTCT,69,undefined.undefined@gmail.com,Bilbao,Macao
24,hqHphBAAtN,WlrTNUqWEzHtHqekEpn,752,undefined.undefined@gmail.com,Gothenburg,Ecuador
25,UZAOzcCRkUPLmFx,RIfBZwULxzkl,715,undefined.undefined@gmail.com,Porto-Novo,Uruguay
26,ePlHrttXBErSeG,nZYjpRVkmoIcNzx,27,undefined.undefined@gmail.com,Tirana,Israel
27,nvovihjM P,SDVRxjUUEakqECtV,111,undefined.undefined@gmail.com,Chicago,Reunion
28,FgHMSCFJdbBTPUd,hdpnCFWRHBid,71,undefined.undefined@gmail.com,Konya,Chad
29,VwkePEyofL,AOGEhBUFyNMeCgprwN,800,undefined.undefined@gmail.com,Dalian,Poland
30,OYqkHUkhZKZtFOY,IibRFAeqqWIEAOEsEbwc,390,undefined.undefined@gmail.com,Charlottetown,United Arab Emirates
31,sXxGRkY UqZSxJmAzrsI,hXLnmiR FuH,144,undefined.undefined@gmail.com,Yekaterinburg,Fiji
32,zsbYCOXcq MIHcZRX," hZMONgNDpAcKDUM",364,undefined.undefined@gmail.com,Kingstown,Holy See (Vatican City State)
33,kLNdXTLNAcCkTynj,cCNUSgofFzGF,791,undefined.undefined@gmail.com,Belize City,Myanmar
34,myncVkyVOH,YfktYLPijUBpLhs rJ,930,undefined.undefined@gmail.com,Paramaribo,Bhutan
35,OuaWVbIsplq,nDZFlzCFkI,594,undefined.undefined@gmail.com,Banda Aceh,Cuba
36,KUaSgeFXGVUHxGkszytU,dcmoLAGLVddldQpOWtE,544,undefined.undefined@gmail.com,Stockholm,Armenia
37,SuquPMEjAJd,kvEcUZroWXqahIKRVJE,475,undefined.undefined@gmail.com,Barranquilla,"Palestinian Territory, Occupied"
38,tTLaBlWycqcWbgpSmiS,mHdSpTyjMqJyKYabmKJ,322,undefined.undefined@gmail.com,Batticaloa,Mauritius
39,LTMFFCafRSSXUZtqlezV,VJfJqYJVvmZUthiOkp,827,undefined.undefined@gmail.com,Quito,Sri Lanka
40,aCDUSjcbrRKcsUR,pLjTzrldDjjttoJ,785,undefined.undefined@gmail.com,Athens,Comoros
41,haRQYveatGMY,gMGggIerjIdrL,675,undefined.undefined@gmail.com,Palikir,Myanmar
42,aRdLZGWtexRZNMEGoH,YhUqcdKnCS,621,undefined.undefined@gmail.com,Rochester,Western Sahara
43,SNENQXrSsKgPqZ,"ZQfaNOvUwgVrAslc ",235,undefined.undefined@gmail.com,Bergen,Ukraine
44,EXSsnQrWPBCTOnFkntt,jaBDR LeGRUho,70,undefined.undefined@gmail.com,Kingstown,Brazil
45,VSaHvPiyMv,BbUJNHfMYq,933,undefined.undefined@gmail.com,Ashgabat,Christmas Island
46,wxcOsWZRKdTqHs,"KbZQeTLBJM ",681,undefined.undefined@gmail.com,Paramaribo,Suriname
47,utVsB xjWwywuTigPHRt,NnNcFcCZTr,425,undefined.undefined@gmail.com,Charlottetown,Argentina
48,"tEvSHWoTWpfx ",ZRYmmfGRwaYPa,994,undefined.undefined@gmail.com,Mandurah,Cyprus
49,oQrfahySCaT Vlnwg,rv fMdaGUmRorStI,800,undefined.undefined@gmail.com,Saskatoon,Sao Tome and Principe
50,IcDUUWJYVqdujVIfuaU,aeVIhNc pvrUucfE,132,undefined.undefined@gmail.com,Zagreb,Congo
51,ZVksMHMcIS,"fnQNzmCLZXJHy ",880,undefined.undefined@gmail.com,San Salvador,Argentina
52,SItidJNwLs bdslLz,kqtySNreBFVoz,465,undefined.undefined@gmail.com,Assis,French Polynesia
53,QOPFljKemobd U,laGttMxhwFpPTXIuk,305,undefined.undefined@gmail.com,Seoul,"Virgin Islands, U.S."
54,sCaEtxpXMOAUphWUTzj,rqYYDtNCmcy,518,undefined.undefined@gmail.com,Okinawa,Botswana
55,wExGgywEpDzMfqydIfl,BeiEBwNIxLbwY,762,undefined.undefined@gmail.com,Chişinău,Chile
56,PqXVKbaqcdDXUE,alvnlafWslFaR,401,undefined.undefined@gmail.com,Palikir,Sweden
57,voY IGdTHaKrzasR,EsNwBxGuTQwOvtabyH,675,undefined.undefined@gmail.com,Aberdeen,Ghana
58," QXepcUlyZpADC","qiLtokaRkdteG ",406,undefined.undefined@gmail.com,Kaesong,Falkland Islands (Malvinas)
59,QJntrwjwYQkX,IwgrKmULTIRUwIPr,671,undefined.undefined@gmail.com,Iquitos,Benin
60,oMjBFuFGmUk,rmuzHdutDMmFKIMevRsS,318,undefined.undefined@gmail.com,Memphis,"Cote D""Ivoire"
61,JEdPNTtGoPNpXFWl,WuZgwQizuMUR,769,undefined.undefined@gmail.com,Tripoli,Mali
62,ebsgehjbImxg,pXTVYIQQLTK,154,undefined.undefined@gmail.com,Malmö,Bouvet Island
63,l VDGNAtbWPCJmNLfyrj,lJLgypRWpCxleOUE,751,undefined.undefined@gmail.com,Yamoussoukro,Equatorial Guinea
64,rQjBDwzuXb,fVVzyfKZjAW,44,undefined.undefined@gmail.com,Abuja,Equatorial Guinea
65,PlXDaihPNoLToWlq ohG,QsfbHfxwLfXumXk,811,undefined.undefined@gmail.com,Roseau,India
66,VCIjjlaXIXRmN,vPcfKkuEtqGayD,890,undefined.undefined@gmail.com,Abuja,Liechtenstein
67," iKZZJnrexAlFa",QFJqfiZTHYkrGb,77,undefined.undefined@gmail.com,Melekeok,Tokelau
68,"SpVbIxTvwS ",ehTdqcyfpe,571,undefined.undefined@gmail.com,Saint Petersburg,Russian Federation
69,dQeEAEbcBlRiODqt," AtIXjeGLKQhvpGbDi",242,undefined.undefined@gmail.com,Blantyre,Italy
70,rVeErQjqGsUMT,LdLSrlSMnUV,775,undefined.undefined@gmail.com,Frankfurt,Bhutan
71,xubonXSFkcodOVGV,TIBNIlGXKeJBJGCJl,986,undefined.undefined@gmail.com,Fredericton,San Marino
72,XhrYm wEaq S,nFyNoChoUShXOMX,171,undefined.undefined@gmail.com,Iquique,Senegal
73,cgGydSzWVe,xZrqzxwYiSSUCeusQDg,559,undefined.undefined@gmail.com,Norilsk,"Taiwan, Province of China"
74,qaEfHABFvAj,SNMIEvqjpieBt,47,undefined.undefined@gmail.com,Wuhan,Netherlands
75,gdUpqPHqKdwXoeZI,SCPnyFDbCAlXlvmbe,126,undefined.undefined@gmail.com,Tokyo,Mexico
76,poILuysrWllWKAZQE,RgsPLMmgmngYQWbyUcVu,476,undefined.undefined@gmail.com,Guatemala City,"Congo, The Democratic Republic of the"
77,mSNcuGingmdGCx,TJxZOjoxWtAfWEISl,857,undefined.undefined@gmail.com,Road Town,Belarus
78,QlE LMLyoBQDRcMMsz,NqbAiEFZjXBFdBHa,12,undefined.undefined@gmail.com,Dili,Iraq
79,ySoPkdWVIhEWUZGmfc,CiPniAfIsC,25,undefined.undefined@gmail.com,Winnipeg,Libyan Arab Jamahiriya
80,iTMWQIxOMLUjwQ,EdkVxavuYQGGXIVXN,990,undefined.undefined@gmail.com,Saint-Pierre,Bosnia and Herzegovina
81,UCtNO tVVWvQsbhuC,qhkClD onyonQWjXI,533,undefined.undefined@gmail.com,Lilongwe,Japan
82,NywiWvLDHgl vSiD,KnFwxLrMsKcuAGEzOZ,704,undefined.undefined@gmail.com,Bergen,Argentina
83,FmsxlnrGjIKPIm,ftNshXAVNSwVl,464,undefined.undefined@gmail.com,Tiraspol,Austria
84,qSeRkqiDupkWeP,nZqDBoTAhwfnyLlph,494,undefined.undefined@gmail.com,Pattaya,Kyrgyzstan
85,mtWsgAbmXktdQikZL,jqycZpezpYmpcS,798,undefined.undefined@gmail.com,Regina,Armenia
86,JpddQNgJbVCYXuuf,E kJUcsAlE,142,undefined.undefined@gmail.com,Moscow,Oman
87,wFuCjXlEOzlIt,YpmpPekPJEqBkd,520,undefined.undefined@gmail.com,Dallas,"Korea, Democratic People""S Republic of"
88,R eHLeZJetnAdrEQJKK,zzhLQXtvTkExLiOhCsGJ,33,undefined.undefined@gmail.com,Blantyre,Benin
89,lzIBgJJQVO,jGKWuIKicbwYBDtQglz,532,undefined.undefined@gmail.com,Yaoundé,Saudi Arabia
90,rVJORHtNmsgxCZ fk,HHJmfFFFeIzNGNZMOG,670,undefined.undefined@gmail.com,Gaza,Qatar
91,osnhcRBlAZJmKPcAo,GdLRNMKQndctpJOp,605,undefined.undefined@gmail.com,Dhaka,Turks and Caicos Islands
92,rnfugarCVdMjcSFOTbF,BfmPyGHCcSXDOVrrHhbv,384,undefined.undefined@gmail.com,Assis,Lithuania
93,kOehYPKteftgvY,lHsPjpeeQc,10,undefined.undefined@gmail.com,Accra,Mauritius
94,TFfpXMtgiKkEWuWOZn,VKpqeWmdpOzHbCJgcLL,187,undefined.undefined@gmail.com,Rio de Janeiro,"Tanzania, United Republic of"
95,vajIHQTGXoIQUIGYn,MKvbxAWrRUbvM,38,undefined.undefined@gmail.com,City of San Marino,Uzbekistan
96,koASC vCim,GbVFFsXvkTGskIL,472,undefined.undefined@gmail.com,Bursa,Sao Tome and Principe
97,rNaSRIRMwhQak,MbFQHhgvpydIaZlmwkIo,966,undefined.undefined@gmail.com,Guatemala City,Guyana
98,VoVmbVOsvcO FLLFDU,GKaBoTVazkuyPnVtsbL,366,undefined.undefined@gmail.com,Bissau,Iceland
99,sDEaBafflcRDwP inm,blMrqgKE zKNa,896,undefined.undefined@gmail.com,Chittagong,Mali
100,NAynrViTvKYlErfMR,XxFYtitxfJsZqM,967,undefined.undefined@gmail.com,Dhaka,Christmas Island